battery_id,discharge_cycle_index,capacity_Ah,ambient_temperature_C,voltage_mean,voltage_min,voltage_max,current_mean,current_min,temperature_mean,temperature_max,discharge_duration_s,SoH_pct,SoH_pred,physics_SoH_pred,lower80,upper80,coulomb_counting_soc_pct,lower80_before,upper80_before,lower80_after,upper80_after
B0006,1,2.035337591005598,24,3.556946061827572,2.4757677568281857,4.179823027658306,-1.990533350635129,-2.015537581193984,32.14277785992152,39.16298653238707,3690.234,101.7668795502799,101.49327,102.2394175004874,101.30963728380245,101.67690271619756,0.0,101.30963728380245,101.67690271619755,100.95523473412885,102.03130526587114
B0006,2,2.025140246031412,24,3.56147580138708,2.35152551190002,4.177288238505559,-1.990277542145709,-2.0149020169266376,32.29307515705474,39.2462026826329,3672.344,101.25701230157058,101.19636,101.85699980078316,101.01272728380243,101.37999271619756,0.0,101.01272728380245,101.37999271619755,100.65832473412885,101.73439526587114
B0006,3,2.013326371345464,24,3.566752469641321,2.440479715106544,4.1781213228923,-1.9899467848963857,-2.014434345552428,32.24414709253608,38.999202460252846,3651.641,100.6663185672732,100.74193,101.47654205681262,100.55829728380245,100.92556271619756,0.0,100.55829728380245,100.92556271619755,100.20389473412885,101.27996526587114
B0006,4,2.0132846655407413,24,3.5687953371516272,2.479155853900392,4.1785623580417175,-1.989600928209944,-2.0142051662535234,32.14711742429942,38.84362777186652,3631.563,100.66423327703706,100.66913,101.0980342234694,100.48549728380245,100.85276271619756,0.0,100.48549728380245,100.85276271619755,100.13109473412885,101.20716526587114
B0006,5,2.000528337624771,24,3.563970503289941,2.280187848173442,4.17824995156942,-1.98954836065757,-2.013995769332238,32.06687277315468,38.97798888258284,3629.172,100.02641688123856,99.92042,100.72146630712992,99.73678728380244,100.10405271619754,0.0,99.73678728380244,100.10405271619754,99.38238473412885,100.45845526587114
B0006,6,2.0138990759931645,24,3.5735512387791406,2.4392842568466446,4.193216523251186,-1.9901040351037365,-2.0151519685741275,32.03447836207717,38.83989920742278,3652.281,100.69495379965822,100.71653,100.34682836538975,100.53289728380246,100.90016271619756,0.0,100.53289728380246,100.90016271619756,100.17849473412886,101.25456526587115
B0006,7,2.013101105626967,24,3.5711391343785897,2.2812068449406446,4.193732603145628,-1.9900886222380367,-2.0145081864690626,32.11157496697372,39.04610837498471,3650.828,100.65505528134835,100.54809,99.97411050680093,100.36445728380244,100.73172271619757,0.0,100.36445728380245,100.73172271619755,100.01005473412886,101.08612526587115
B0006,8,1.96878982627284,24,3.568150746216304,2.366410527029613,4.176826628115461,-1.9891170520197208,-2.0146816699579064,32.112576242471775,38.87507521022778,3572.453,98.439491313642,98.46323,99.60330289061076,98.27959728380245,98.64686271619756,1.31,98.27959728380245,98.64686271619755,97.92519473412885,99.00126526587114
B0006,9,1.9681661764334244,24,3.569283415581244,2.436020049578708,4.176369138969733,-1.9892116643905464,-2.015071955488147,32.03566207329278,38.7260539826455,3550.594,98.40830882167124,98.35107,99.2343957265022,98.16743728380246,98.53470271619756,1.9,98.16743728380246,98.53470271619756,97.81303473412886,98.88910526587115
B0006,10,1.9572307917560536,24,3.563388513484579,2.1864377487643725,4.176897989902666,-1.989191243247005,-2.0155176072270926,31.99527968872302,38.98629728904917,3551.25,97.86153958780268,97.86829,98.8673792743352,97.68465728380244,98.05192271619757,1.89,97.68465728380245,98.05192271619755,97.33025473412886,98.40632526587115
B0006,11,1.9455991514129352,24,3.566658719765511,2.3406023605912454,4.177579509962451,-1.9891317699701736,-2.014079047237871,31.87412757184136,38.65978861919643,3530.25,97.27995757064676,97.34097,98.5022438438896,97.15733728380243,97.52460271619756,2.47,97.15733728380245,97.52460271619755,96.80293473412885,97.87900526587114
B0006,12,1.934750504484113,24,3.568703597012284,2.4263021374140443,4.177996110793395,-1.9887805507702208,-2.0134697854511865,32.120959708576166,38.84979195732924,3491.016,96.73752522420564,96.76802,98.13897979460916,96.58438728380246,96.95165271619756,3.57,96.58438728380246,96.95165271619756,96.22998473412886,97.30605526587115
B0006,13,1.9232799539368028,24,3.569207084156356,2.475369770000704,4.176316409477926,-1.988732086640128,-2.0148749194363664,32.11021168908644,38.75128344015104,3470.281,96.16399769684014,96.20597,97.77757753534732,96.02233728380244,96.38960271619754,4.15,96.02233728380244,96.38960271619754,95.66793473412885,96.74400526587114
B0006,14,1.911889930948487,24,3.5659271296109383,2.342364523655007,4.177992455010172,-1.988720029036864,-2.0144081790374893,31.98906127891816,38.76853764058789,3470.0,95.59449654742434,95.68808,97.4180275241136,95.50444728380243,95.87171271619756,4.15,95.50444728380245,95.87171271619755,95.15004473412885,96.22611526587114
B0006,15,1.9010667141979305,24,3.561241727064949,2.188400081882664,4.177439981618572,-1.988787404228788,-2.014472686005532,31.87881444863544,38.84686112344348,3450.297,95.05333570989652,95.33696,97.06032026782196,95.15332728380244,95.52059271619756,4.7,95.15332728380245,95.52059271619756,94.79892473412886,95.87499526587115
B0006,16,1.8891989948061456,24,3.557881987836072,2.1206980945954057,4.17561570814845,-1.98859108959304,-2.0146756268214814,31.7674507110244,38.8658897816528,3429.407,94.4599497403073,94.75575,96.70444632203996,94.57211728380246,94.93938271619756,5.28,94.57211728380246,94.93938271619756,94.21771473412886,95.29378526587115
B0006,17,1.878278372248849,24,3.56282437243777,2.369981457799298,4.177602520456299,-1.9884892463229664,-2.015931347705288,31.78991634963658,38.647578733807656,3409.484,93.91391861244244,94.02035,96.35039629073955,93.83671728380244,94.20398271619754,5.84,93.83671728380244,94.20398271619754,93.48231473412885,94.55838526587114
B0006,18,1.8675697161520208,24,3.559195328016864,2.247991649924625,4.176354539745044,-1.988347427444488,-2.01432419683381,31.82883467218067,38.79218188173866,3390.422,93.37848580760102,93.39298,95.9981608260489,93.20934728380244,93.57661271619754,6.37,93.20934728380244,93.57661271619754,92.85494473412885,93.93101526587114
B0006,19,1.8675892574453767,24,3.5580906165580983,2.4115317107898875,4.177450270459645,-1.9774549866256104,-2.015920256743369,31.890449470827843,38.77022223929529,3390.281,93.37946287226885,92.77372,95.64773062800558,92.59008728380245,92.95735271619756,6.89,92.59008728380245,92.95735271619755,92.23568473412885,93.31175526587114
B0006,20,1.979626548250818,24,3.565899462157853,2.203355846859377,4.174584178175673,-1.9892347833261184,-2.0202081897757225,31.51177053595285,37.54320599748628,3591.734,98.98132741254088,99.11379,95.29909644431108,98.93015728380244,99.29742271619754,0.77,98.93015728380244,99.29742271619754,98.57575473412885,99.65182526587114
B0006,21,1.9575499080884025,24,3.570814209348872,2.35887751155593,4.175224020262452,-1.9890474874073767,-2.014116181004981,31.874488497680712,37.90362577530197,3552.297,97.87749540442012,97.83176,94.95224907008644,97.64812728380244,98.01539271619755,1.87,97.64812728380245,98.01539271619755,97.29372473412886,98.36979526587115
B0006,22,1.9458150170787551,24,3.5666817833633124,2.218672914041916,4.177217300859919,-1.988682950523383,-2.014039356997488,31.53911453638972,37.6701605139887,3531.578,97.29075085393777,97.23573,94.6071793476294,97.05209728380244,97.41936271619755,2.46,97.05209728380245,97.41936271619755,96.69769473412886,97.77376526587115
B0006,23,1.9242461121680088,24,3.566839274502584,2.339723057947995,4.176681511062203,-1.9885447318884863,-2.014851230713757,31.220866832188783,37.34166959188387,3492.907,96.21230560840048,96.295006,94.26387816617236,96.11137328380244,96.47863871619757,3.53,96.11137328380245,96.47863871619755,95.75697073412886,96.83304126587115
B0006,24,1.945981133142164,24,3.571051969392875,2.399750820894273,4.190384318239257,-1.9885639445355097,-2.013606338093071,31.119005145018026,37.28979017254232,3511.594,97.2990566571082,97.18307,93.92233646164196,96.99943728380244,97.36670271619757,3.01,96.99943728380245,97.36670271619755,96.64503473412886,97.72110526587115
B0006,25,1.901407930553079,24,3.56663084740298,2.491410879472442,4.176973413125379,-1.9880563928902784,-2.014324216253238,31.03324407815673,37.16794481484507,3431.9370000000054,95.07039652765395,94.7191,93.5825452164198,94.53546728380245,94.90273271619756,5.24,94.53546728380245,94.90273271619755,94.18106473412885,95.25713526587114
B0006,26,1.878674213680085,24,3.552739224085492,2.1387303309558976,4.173452155236546,-1.9772969675547487,-2.0138293357975146,31.001249222460967,37.51577848501052,3431.125,93.93371068400424,93.71421,93.24449545910431,93.53057728380244,93.89784271619754,5.77,93.53057728380244,93.89784271619754,93.17617473412885,94.25224526587114
B0006,27,1.8683061328264217,24,3.556095975504661,2.346064498302046,4.1764585468168685,-1.9771693646864963,-2.022139165928567,30.92143474404136,37.24165964092258,3412.406,93.4153066413211,93.3488,92.90817826427386,93.16516728380245,93.53243271619756,6.29,93.16516728380245,93.53243271619755,92.81076473412885,93.88683526587114
B0006,28,1.8560244070083,24,3.5504500858303394,2.327337743316428,4.17626102066065,-1.9660385076397235,-2.019521715890847,30.92936024820721,37.27233216178077,3410.688,92.801220350415,92.682785,92.57358475225112,92.49915228380245,92.86641771619756,6.87,92.49915228380245,92.86641771619755,92.14474973412885,93.22082026587114
B0006,29,1.8451997961855773,24,3.546007083640312,2.486311723336632,4.172855540858831,-1.9445990482746272,-2.0145859231710013,31.00810965793079,37.2071345030198,3410.718,92.25998980927888,92.37713,92.2407060888686,92.19349728380244,92.56076271619754,7.88,92.19349728380244,92.56076271619754,91.83909473412885,92.91516526587114
B0006,30,1.857228890885317,24,3.554257954720065,2.292166351092089,4.188187801734904,-1.9769156942357176,-2.01454229289152,30.96779499306422,37.49607769896255,3392.719,92.86144454426584,92.82548,91.90953348523549,92.64184728380243,93.00911271619756,6.85,92.64184728380245,93.00911271619755,92.28744473412885,93.36351526587114
B0006,31,1.924776088909064,24,3.555857469677978,2.434300686181212,4.189991619197343,-1.9997552547832569,-2.015096988943597,31.10097217303459,37.25007396118109,3470.672,96.23880444545316,96.53547,91.58005819750544,96.35183728380244,96.71910271619755,3.6,96.35183728380245,96.71910271619755,95.99743473412886,97.07350526587115
B0006,32,1.8822317526092551,24,3.5537306734803207,2.472619908000758,4.186982490201218,-1.9884344406296768,-2.0246589334484746,31.307368922041046,37.39699052067588,3414.109,94.11158763046276,93.96219,91.25227152664588,93.77855728380246,94.14582271619756,5.71,93.77855728380246,94.14582271619756,93.42415473412886,94.50022526587115
B0006,33,1.855276687885587,24,3.545265000362152,2.403422072720937,4.186483106541616,-1.9771310999966945,-2.014540253971324,31.13133998716456,37.2852066420257,3395.219,92.76383439427936,92.714134,90.92616481820824,92.53050128380244,92.89776671619757,6.77,92.53050128380245,92.89776671619755,92.17609873412886,93.25216926587115
B0006,34,1.839250891718188,24,3.538408778928339,2.4006679782182205,4.187721936001791,-1.965705768920947,-2.01409107585058,30.82871377910505,37.080390421974414,3386.0,91.96254458590938,91.86508,90.60172946209944,91.68144728380246,92.04871271619756,7.56,91.68144728380246,92.04871271619756,91.32704473412886,92.40311526587115
B0006,35,1.8185396073994429,24,3.529768831133268,2.3194299432177345,4.184171356892756,-1.9542494702422435,-2.0132183154407977,30.761533072057244,36.98024266357476,3368.187,90.92698036997214,91.07002,90.27895689235464,90.88638728380243,91.25365271619756,8.58,90.88638728380245,91.25365271619755,90.53198473412886,91.60805526587114
B0006,36,1.8134770059567056,24,3.53006768404233,2.340173173498008,4.186779863144672,-1.9490605727432448,-2.014277570695985,31.30305692941581,37.59874124546701,3368.266,90.67385029783529,90.989456,89.95783858691097,90.80582328380244,91.17308871619755,8.82,90.80582328380245,91.17308871619755,90.45142073412886,91.52749126587115
B0006,37,1.7971018450305436,24,3.5248882875629555,2.382960351080877,4.186482965601712,-1.9373547119632697,-2.014866249205715,31.06432144678013,37.33680914521836,3358.719,89.85509225152718,89.74821,89.63836606738262,89.56457728380245,89.93184271619755,9.62,89.56457728380245,89.93184271619755,89.21017473412886,90.28624526587114
B0006,38,1.7810046294120476,24,3.5190926887152725,2.351855540704836,4.184741677172267,-1.931260408871348,-2.014036681172477,30.96654665282149,37.39499820465976,3339.5,89.05023147060238,89.13196,89.32053089883696,88.94832728380246,89.31559271619756,10.42,88.94832728380246,89.31559271619756,88.59392473412886,89.66999526587115
B0006,39,1.7710130422682329,24,3.5151810230271,2.3535104841115886,4.186114015167315,-1.925413982519257,-2.013562007420154,30.82645569799297,37.35233964342659,3331.265,88.55065211341164,88.81633,89.00432468957179,88.63269728380244,88.99996271619754,10.92,88.63269728380244,88.99996271619754,88.27829473412885,89.35436526587114
B0006,40,1.7604712448170945,24,3.514029112834162,2.3948058223938364,4.186378094589789,-1.9198444871883995,-2.0146073733834746,31.080769482413952,37.58677381866742,3321.188,88.02356224085472,87.96528,88.68973909089381,87.78164728380246,88.14891271619756,11.44,87.78164728380246,88.14891271619756,87.42724473412886,88.50331526587115
B0006,41,1.7502913788006589,24,3.514139684003936,2.4418858444380294,4.185742966026202,-1.908733158939213,-2.0156412315711094,31.694287817425337,38.20704456989348,3321.844,87.51456894003293,87.547356,88.37676579689824,87.36372328380244,87.73098871619754,11.94,87.36372328380244,87.73098871619754,87.00932073412885,88.08539126587114
B0006,42,1.7394925037732578,24,3.509578354212467,2.391848815367812,4.18499542353586,-1.90276801874341,-2.014135597110891,31.875581783696685,38.340431886092745,3311.828,86.97462518866288,87.19285,88.06539654424941,87.00921728380246,87.37648271619756,12.48,87.00921728380246,87.37648271619756,86.65481473412886,87.73088526587115
B0006,43,1.7546766553637203,24,3.5110708693292705,2.3166154227865463,4.175622772952551,-1.909324756651121,-2.013918427729744,31.543288143901563,38.521539672721865,3327.391,87.73383276818602,87.86489,87.7556231119627,87.68125728380245,88.04852271619755,11.76,87.68125728380245,88.04852271619755,87.32685473412886,88.40292526587115
B0006,44,1.7659390941842177,24,3.5159179315855056,2.4110989960643794,4.191704957733779,-1.9306372167933323,-2.0164764928559697,31.420983409991024,38.03707160241571,3312.078,88.29695470921088,88.23485,87.44743732118742,88.05121728380244,88.41848271619754,11.19,88.05121728380244,88.41848271619754,87.69681473412885,88.77288526587114
B0006,45,1.7337887419624838,24,3.50585340727078,2.4510125175432287,4.185468369564667,-1.907114151507875,-2.014424639912736,31.15837149963786,37.9342856877206,3293.172,86.68943709812419,86.68648,87.14083103499085,86.50284728380245,86.87011271619755,12.77,86.50284728380245,86.87011271619755,86.14844473412886,87.22451526587115
B0006,46,1.713325912040734,24,3.5010379345914444,2.471216186082459,4.184201889006967,-1.8953541357988333,-2.013684034338365,31.15661421699882,37.88470784051604,3275.328,85.6662956020367,85.7875,86.8357961581435,85.60386728380244,85.97113271619754,13.78,85.60386728380244,85.97113271619754,85.24946473412885,86.32553526587114
B0006,47,1.7024077813673466,24,3.497407662636496,2.470968641396993,4.185838836583766,-1.8892713805954209,-2.015243276008703,31.206611383963253,38.065368726791895,3265.016,85.12038906836733,85.22971,86.53232463690522,85.04607728380245,85.41334271619755,14.33,85.04607728380245,85.41334271619755,84.69167473412885,85.76774526587114
B0006,48,1.82371946178183,24,3.5388872766749144,2.4288023941361625,4.1729165619005535,-1.98193599249298,-2.014822027548639,33.61169282822636,39.788440481350335,3328.937,91.1859730890915,91.19188,86.23040845881273,91.00824728380243,91.37551271619756,8.36,91.00824728380245,91.37551271619755,90.65384473412885,91.72991526587114
B0006,49,1.8081284050314708,24,3.5327430295356828,2.3551430866643166,4.186982012423103,-1.9653277079992453,-2.014147642384201,32.85630077141311,39.21290317800791,3329.266,90.40642025157354,90.2611,85.93003965246795,90.07746728380243,90.44473271619756,9.12,90.07746728380245,90.44473271619755,89.72306473412885,90.79913526587114
B0006,50,1.7757610945034283,24,3.521214759733266,2.365933525789291,4.186537777937825,-1.9470636598230844,-2.013545732341586,32.210981559158874,38.66937823121345,3301.579,88.78805472517142,88.66403,85.63121028732755,88.48039728380245,88.84766271619755,10.72,88.48039728380245,88.84766271619755,88.12599473412885,89.20206526587114
B0006,51,1.7447409841836798,24,3.509311143950668,2.3481961394586457,4.182282350256796,-1.92416284263864,-2.0143501433980724,31.96509008165028,38.5170065164806,3283.563,87.237049209184,87.10517,85.33391247349364,86.92153728380245,87.28880271619755,12.25,86.92153728380245,87.28880271619755,86.56713473412886,87.64320526587115
B0006,52,1.729207034132373,24,3.50716091973708,2.46945948630322,4.185961817428056,-1.912447043935375,-2.013955993405398,31.74480184018953,38.29250529949152,3275.125,86.46035170661865,86.10826,85.03813836150533,85.92462728380245,86.29189271619755,13.01,85.92462728380245,86.29189271619755,85.57022473412886,86.64629526587115
B0006,53,1.7081086552553244,24,3.500928918686389,2.4666715880697576,4.1836566973224585,-1.8950209973545984,-2.0143598768040447,31.876564068962463,38.52091685291118,3265.656,85.40543276276622,85.26908,84.74388014213162,85.08544728380245,85.45271271619755,14.05,85.08544728380245,85.45271271619755,84.73104473412886,85.80711526587115
B0006,54,1.6975954237461768,24,3.4973019898820894,2.448293126278513,4.184390004467988,-1.883708243517891,-2.0146981664689427,32.24289319481841,38.95436345473558,3266.093,84.87977118730883,84.74776,84.45113004616506,84.56412728380245,84.93139271619755,14.55,84.56412728380245,84.93139271619755,84.20972473412886,85.28579526587114
B0006,55,1.6820634524029463,24,3.492903830118716,2.4745215382882586,4.184732708741646,-1.8716651994380047,-2.0150505202774576,32.07305565938816,38.73136385469604,3257.594,84.10317262014732,83.8517,84.15988034421682,83.66806728380244,84.03533271619754,15.32,83.66806728380244,84.03533271619754,83.31366473412885,84.38973526587114
B0006,56,1.6714768322295086,24,3.488659224822318,2.469127855241356,4.185835940524748,-1.8654809345089407,-2.016431910751689,32.0301409298912,38.74827601131975,3248.593,83.57384161147543,83.45948,83.8701233465124,83.27584728380245,83.64311271619755,15.83,83.27584728380245,83.64311271619755,82.92144473412885,83.99751526587114
B0006,57,1.6607591387047655,24,3.482293080477401,2.4177173347922416,4.185703389994729,-1.8592903578576,-2.013961242413253,31.984935871368258,38.84227056628921,3238.766,83.03795693523827,82.99222,83.58185140268877,82.80858728380245,83.17585271619755,16.36,82.80858728380245,83.17585271619755,82.45418473412886,83.53025526587115
B0006,58,1.651121015038069,24,3.477575664197982,2.3775131079338427,4.184887437252902,-1.848156298789804,-2.01427897654196,32.23677365476226,39.22138199620832,3240.14,82.55605075190346,82.49276,83.29505690159226,82.30912728380245,82.67639271619755,16.83,82.30912728380245,82.67639271619755,81.95472473412886,83.03079526587115
B0006,59,1.640134925619093,24,3.478743650648925,2.443723814618984,4.1845671326128535,-1.841574247353844,-2.0170700253976435,32.56097148037261,39.46651089916252,3230.109,82.00674628095463,81.90845,83.00973227107772,81.72481728380245,82.09208271619755,17.38,81.72481728380245,82.09208271619755,81.37041473412886,82.44648526587115
B0006,60,1.629199941616544,24,3.4740152461288862,2.4324278256917147,4.184590722398005,-1.8297533943331723,-2.0153270924031044,32.48984985901219,39.352653481724175,3229.7810000000027,81.45999708082721,81.459984,82.72586997780847,81.27635128380246,81.64361671619756,17.92,81.27635128380246,81.64361671619756,80.92194873412886,81.99801926587115
B0006,61,1.6088496302961666,24,3.4718387718772696,2.494085641889116,4.181227276564003,-1.817086069772996,-2.0264444143525524,32.42612199208859,39.31890647034385,3212.469,80.44248151480832,80.38759,82.44346252705749,80.20395728380245,80.57122271619755,18.93,80.20395728380245,80.57122271619755,79.84955473412886,80.92562526587115
B0006,62,1.6035244898969248,24,3.463180130644551,2.382347172890769,4.182601669503782,-1.8111560774496664,-2.014269976996697,32.29984271249387,39.47196886600465,3213.219,80.17622449484624,80.14018,82.16250246250951,79.95654728380245,80.32381271619755,19.17,79.95654728380245,80.32381271619755,79.60214473412886,80.67821526587115
B0006,63,1.5989712144027983,24,3.463469391967206,2.406668297987779,4.183991041340736,-1.8113056300795984,-2.0248983473305704,32.610757585145336,39.74009698783903,3203.578,79.94856072013991,80.075905,81.88298236606413,79.89227228380246,80.25953771619756,19.41,79.89227228380246,80.25953771619756,79.53786973412886,80.61394026587115
B0006,64,1.5876273123575604,24,3.46021805164007,2.4204142690378765,4.182425008087469,-1.803802475704306,-2.0134062122749032,32.25699351958767,39.03600072360686,3195.125,79.38136561787802,79.546074,81.60489485764,79.36244128380245,79.72970671619755,19.95,79.36244128380245,79.72970671619755,79.00803873412886,80.08410926587115
B0006,65,1.5829719744686166,24,3.462574876665621,2.45078452455252,4.190985194174346,-1.7982439953659044,-2.014898941623113,32.47193402838835,39.16106395962828,3195.312999999994,79.14859872343084,79.24178,81.32823259497992,79.05814728380246,79.42541271619756,20.2,79.05814728380246,79.42541271619756,78.70374473412886,79.77981526587115
B0006,66,1.567137636713563,24,3.4537077937586056,2.393032881923072,4.181860480163402,-1.7857963808615818,-2.014097659688176,32.40219271195366,39.20051799483514,3186.297,78.35688183567815,78.523796,81.052988273457,78.34016328380245,78.70742871619755,20.97,78.34016328380245,78.70742871619755,77.98576073412886,79.06183126587115
B0006,67,1.5613446139713882,24,3.4514035349888337,2.3938995980718403,4.183449364094532,-1.7850748194527644,-2.01648199199959,32.30987415652578,39.15878418316098,3176.438,78.06723069856942,77.9441,80.77915462588186,77.76046728380246,78.12773271619756,21.25,77.76046728380246,78.12773271619756,77.40606473412886,78.48213526587115
B0006,68,1.551171189279042,24,3.450781146333252,2.4373294683003053,4.182943907496545,-1.7785916660457872,-2.014359351341952,32.35440526839345,39.18225956809825,3167.593,77.5585594639521,77.49213,80.50672442231061,77.30849728380245,77.67576271619755,21.75,77.30849728380245,77.67576271619755,76.95409473412886,78.03016526587115
B0006,69,1.5406741606295171,24,3.446105572450592,2.3705330061374523,4.182592999177517,-1.7727874712030285,-2.016181081460114,32.4731363791227,39.38159156766375,3167.719,77.03370803147585,77.143074,80.23569046985412,76.95944128380245,77.32670671619755,22.0,76.95944128380245,77.32670671619755,76.60503873412885,77.68110926587114
B0006,70,1.5253138744624433,24,3.4418152533277144,2.351294851260762,4.177556435498103,-1.7601807681971695,-2.0224281819207026,32.52334649341759,39.44712875501599,3159.077999999994,76.26569372312217,76.47424,79.96604561248805,76.29060728380244,76.65787271619755,22.77,76.29060728380244,76.65787271619755,75.93620473412885,77.01227526587114
B0006,71,1.5301570318067428,24,3.445008015985666,2.436845595522602,4.183199732433941,-1.76530278835697,-2.015670909853089,32.518264823491045,39.40950590627068,3148.829,76.50785159033714,76.50862,79.69778273086384,76.32498728380244,76.69225271619754,22.8,76.32498728380244,76.69225271619754,75.97058473412885,77.04665526587114
B0006,72,1.524656683447409,24,3.441164687975023,2.39030487147494,4.183585552184287,-1.7593486488770236,-2.0154336980599203,32.5437072434024,39.48443326993031,3149.094,76.23283417237043,76.1423,79.43089474212083,75.95866728380246,76.32593271619756,23.05,75.95866728380246,76.32593271619756,75.60426473412886,76.68033526587115
B0006,73,1.5145492986655429,24,3.443620591429828,2.4892160721496315,4.183170360974043,-1.752616789873766,-2.014176241235146,32.562223096007365,39.4416762582387,3140.547,75.72746493327713,75.88305,79.16537459969925,75.69941728380245,76.06668271619755,23.55,75.69941728380245,76.06668271619755,75.34501473412885,76.42108526587114
B0006,74,1.509391504602082,24,3.439943269617906,2.450611393803655,4.183501501534186,-1.7516949849801624,-2.0151247064734266,32.58978020040808,39.53866201326228,3131.625,75.4695752301041,75.47417,78.90121529315411,75.29053728380245,75.65780271619755,23.81,75.29053728380245,75.65780271619755,74.93613473412886,76.01220526587115
B0006,75,1.5039974333050703,24,3.43602719305159,2.4111946043456745,4.183243008796117,-1.7510429704034998,-2.0150071612077523,32.57089563557426,39.5867547936938,3121.907,75.19987166525353,75.23475,78.6384098479702,75.05111728380245,75.41838271619756,24.08,75.05111728380245,75.41838271619756,74.69671473412886,75.77278526587115
B0006,76,1.4935201918040188,24,3.436309312279291,2.4609139768640715,4.182038001412004,-1.7388746112390865,-2.0158858292130217,32.5378543470942,39.49975288442087,3122.125,74.67600959020095,74.71719,78.37695132537779,74.53355728380245,74.90082271619755,24.6,74.53355728380245,74.90082271619755,74.17915473412886,75.25522526587115
B0006,77,1.4876323024497422,24,3.430470227771154,2.378420264362521,4.182440318401142,-1.738622547139575,-2.0170367841185635,32.65645090520509,39.9686395722832,3121.672,74.3816151224871,74.579834,78.11683282216961,74.39620128380245,74.76346671619756,24.62,74.39620128380245,74.76346671619756,74.04179873412886,75.11786926587115
B0006,78,1.5302876214401704,24,3.4417311090871063,2.3844697219937414,4.189962701965466,-1.7870762809520675,-2.015207980747731,33.180785234653264,40.42668250871336,3120.86,76.51438107200852,76.28156,77.85804747051847,76.09792728380245,76.46519271619755,22.54,76.09792728380245,76.46519271619755,75.74352473412885,76.81959526587114
B0006,79,1.5040760088360112,24,3.4355429213552537,2.448639661640692,4.181214475643097,-1.7612682208672186,-2.013340550431054,32.71220835503141,40.02451449021777,3103.828,75.20380044180057,74.98121,77.60058843779596,74.79757728380245,75.16484271619755,24.07,74.79757728380245,75.16484271619755,74.44317473412886,75.51924526587115
B0006,80,1.4887593608730894,24,3.4272336842373576,2.362869757217078,4.182157933832856,-1.7545532300777185,-2.0143052426244057,32.543943889007906,40.02167483360719,3095.094,74.43796804365446,74.57548,77.34444892639208,74.39184728380245,74.75911271619755,24.58,74.39184728380245,74.75911271619755,74.03744473412885,75.11351526587114
B0006,81,1.4782779285546637,24,3.430753651868756,2.479712742728869,4.1802491747767325,-1.7364250156958492,-2.01522796444188,32.6655410721976,40.07821178158415,3095.781,73.91389642773318,74.025764,77.08962217353566,73.84213128380244,74.20939671619755,25.34,73.84213128380244,74.20939671619755,73.48772873412885,74.56379926587114
B0006,82,1.478459982215684,24,3.430880434209888,2.460990256984241,4.182775550999248,-1.7371686757879778,-2.0164424024266667,33.160922870564626,40.56578932835109,3094.328,73.9229991107842,73.896286,76.836101451116,73.71265328380245,74.07991871619755,25.34,73.71265328380245,74.07991871619755,73.35825073412886,74.43432126587115
B0006,83,1.473214844899973,24,3.431984614031654,2.4794507375590507,4.182970513713943,-1.7358183569582517,-2.0141732645976056,33.414445545408455,40.75221353269305,3086.531,73.66074224499864,73.5774,76.58388006550497,73.39376728380245,73.76103271619755,25.59,73.39376728380245,73.76103271619755,73.03936473412885,74.11543526587114
B0006,84,1.4675164935067897,24,3.426913589626702,2.421513989921717,4.182588389688278,-1.7297302660430056,-2.014533312293864,33.3541679486525,40.71162611325717,3085.625,73.37582467533949,73.27325,76.33295135738057,73.08961728380245,73.45688271619755,25.87,73.08961728380245,73.45688271619755,72.73521473412886,73.81128526587115
B0006,85,1.4516292657521337,24,3.422042235670516,2.392798962354417,4.180388252515709,-1.727867109899114,-2.0150807231044525,33.13634596100404,40.58721297402195,3067.203,72.58146328760667,72.542015,76.08330870155085,72.35838228380246,72.72564771619756,26.39,72.35838228380246,72.72564771619756,72.00397973412886,73.08005026587115
B0006,86,1.4519237720967175,24,3.4202687142856667,2.410475236770924,4.182476201666448,-1.726907314763758,-2.0151017082510445,32.92241762841388,40.37035790264624,3058.157,72.59618860483589,72.78617,75.83494550677914,72.60253728380245,72.96980271619755,26.65,72.60253728380245,72.96980271619755,72.24813473412885,73.32420526587114
B0006,87,1.4471484694777743,24,3.4248208106770663,2.4915333699239977,4.182567814531136,-1.7211995934038338,-2.015773418279684,33.20338483123576,40.667923693760464,3058.812,72.35742347388873,72.5599,75.58785521560995,72.37626728380245,72.74353271619755,26.88,72.37626728380245,72.74353271619755,72.02186473412885,73.09793526587114
B0006,88,1.4468538105659885,24,3.423499088319266,2.444861994529003,4.182606347806988,-1.721141114732718,-2.016566183590645,33.533950654066935,40.99035688395247,3058.578,72.34269052829943,72.31891,75.34203130419593,72.13527728380245,72.50254271619755,26.89,72.13527728380245,72.50254271619755,71.78087473412886,72.85694526587115
B0006,89,1.4416741930284678,24,3.4247420964314874,2.484075539808225,4.183047552179642,-1.7200547727480755,-2.018144057635402,33.5767934055627,40.99774402817452,3049.328,72.08370965142339,71.77999,75.09746728212548,71.59635728380245,71.96362271619755,27.15,71.59635728380245,71.96362271619755,71.24195473412885,72.31802526587114
B0006,90,1.5935866593100128,24,3.450702139255875,2.479017302613424,4.222516216835943,-1.8210481343824243,-2.0143333289759338,33.224088400657315,40.77265883698999,3177.219,79.67933296550063,79.63722,74.85415669225151,79.45358728380245,79.82085271619755,19.64,79.45358728380245,79.82085271619755,79.09918473412885,80.17525526587114
B0006,91,1.5463902376915637,24,3.448047542990752,2.4820670710190385,4.1909374470770855,-1.821445703423604,-2.016338466932382,33.37083344726966,40.52220493430463,3082.937,77.31951188457819,76.39354,74.61209311052086,76.20990728380245,76.57717271619755,22.01,76.20990728380245,76.57717271619755,75.85550473412886,76.93157526587115
B0006,92,1.51470559175661,24,3.439948189189645,2.452449045714353,4.183028520369727,-1.7899159936953069,-2.01459511362196,33.43366634309322,40.57746834859555,3074.266,75.73527958783049,75.63554,74.3712701458048,75.45190728380246,75.81917271619756,23.57,75.45190728380246,75.81917271619756,75.09750473412886,76.17357526587115
B0006,93,1.4989786083335404,24,3.434112914501242,2.4198491932573414,4.1838942747302825,-1.7769345930773324,-2.0144018884289827,33.28676739403043,40.516963879873735,3066.0,74.94893041667702,74.76827,74.13168143973017,74.58463728380245,74.95190271619755,24.33,74.58463728380245,74.95190271619755,74.23023473412886,75.30630526587115
B0006,94,1.4831110745410492,24,3.432560094036392,2.4706823501191706,4.1839835007856605,-1.7640032117743043,-2.015270624937178,33.14347737377552,40.34325381638243,3056.437,74.15555372705246,74.18192,73.89332066651157,73.99828728380245,74.36555271619756,25.12,73.99828728380245,74.36555271619756,73.64388473412886,74.71995526587115
B0006,95,1.4729664825468278,24,3.4270614887575657,2.413759774558071,4.183640209073579,-1.7571701008871028,-2.015800833534411,33.11021541795579,40.39341126895154,3048.219,73.6483241273414,73.59236,73.65618153278434,73.40872728380245,73.77599271619755,25.61,73.40872728380245,73.77599271619755,73.05432473412885,74.13039526587114
B0006,96,1.4627604396099307,24,3.427340316812041,2.4562499847243027,4.183387047926521,-1.7502670210777267,-2.015384828991305,33.18991802149879,40.46341487442664,3039.218,73.13802198049653,73.25115,73.42025777743837,73.06751728380245,73.43478271619755,26.12,73.06751728380245,73.43478271619755,72.71311473412885,73.78918526587114
B0006,97,1.4518364681062514,24,3.423482197888437,2.401794655879554,4.18356344388626,-1.7439614243216512,-2.017707476586292,33.26265398635676,40.5818264138806,3039.047,72.59182340531257,72.67843,73.18554317145278,72.49479728380246,72.86206271619756,26.39,72.49479728380246,72.86206271619756,72.14039473412886,73.21646526587115
B0006,98,1.4468670644030392,24,3.422095770106937,2.408768723613332,4.18171248971767,-1.736850855663561,-2.0198780169470747,33.299978841087025,40.61670777074496,3030.375,72.34335322015197,72.33161,72.95203151773153,72.14797728380245,72.51524271619755,26.9,72.14797728380245,72.51524271619755,71.79357473412885,72.86964526587114
B0006,99,1.441380399427779,24,3.421883545422636,2.4308118485818704,4.1832473219705815,-1.7360045229798653,-2.0197856871193367,33.31663547841367,40.63164766168104,3021.0,72.06901997138895,72.131615,72.71971665093973,71.94798228380245,72.31524771619755,27.16,71.94798228380245,72.31524771619755,71.59357973412885,72.66965026587114
B0006,100,1.431210744960774,24,3.4195777411151886,2.398886415333129,4.183049768329545,-1.729690117077797,-2.015287001210607,33.39150630507064,40.74323383889164,3021.75,71.5605372480387,71.6284,72.48859243734086,71.44476728380245,71.81203271619755,27.41,71.44476728380245,71.81203271619755,71.09036473412885,72.16643526587114
B0006,101,1.4260247179525716,24,3.4175281789596474,2.3814379490849835,4.183092498086332,-1.7287954627467013,-2.013949066691416,33.41522427488497,40.81715493531611,3012.265,71.30123589762857,71.31874,72.25865277463485,71.13510728380245,71.50237271619756,27.67,71.13510728380245,71.50237271619756,70.78070473412886,71.85677526587115
B0006,102,1.420487649966195,24,3.4197860540725715,2.459885297095542,4.181536580807847,-1.7216729981632184,-2.015065571425412,33.39690850726103,40.72877617289365,3002.641,71.02438249830975,71.24832,72.029891591797,71.06468728380246,71.43195271619756,28.2,71.06468728380246,71.43195271619756,70.71028473412886,71.78635526587115
B0006,103,1.4207006230355006,24,3.4171369298988705,2.4007285025453995,4.172034399629829,-1.7228162229694663,-2.0151971595728613,33.73731993653,41.45494452672042,3012.0,71.03503115177503,71.05681,71.80230284891758,70.87317728380245,71.24044271619755,27.93,70.87317728380245,71.24044271619755,70.51877473412885,71.59484526587114
B0006,104,1.452255804330839,24,3.4305347141293625,2.472830716079143,4.188427549455566,-1.7486639022205694,-2.0180838913239434,34.08965316576344,41.39678877103747,3020.11,72.61279021654194,72.46939,71.57588053704245,72.28575728380245,72.65302271619755,26.65,72.28575728380245,72.65302271619755,71.93135473412886,73.00742526587115
B0006,105,1.431557632772571,24,3.4250844180972875,2.467318928642863,4.181499335679726,-1.7345160724760178,-2.015157068463395,33.9987286593769,41.36669473718026,3002.172000000006,71.57788163862855,71.461235,71.35061867801443,71.27760228380245,71.64486771619755,27.68,71.27760228380245,71.64486771619755,70.92319973412886,71.99927026587115
B0006,106,1.415015751158943,24,3.417133986279293,2.3692462667541,4.179546243153898,-1.7271570233190523,-2.013917344838714,33.907397114007345,41.37787352037061,2992.703,70.75078755794715,70.931946,71.12651132431529,70.74831328380245,71.11557871619755,28.21,70.74831328380245,71.11557871619755,70.39391073412885,71.46998126587114
B0006,107,1.4097311506517451,24,3.417521467040602,2.4482618595124874,4.18101558225098,-1.7305179027385762,-2.026182069042455,33.70518417605219,41.14095609169821,2964.468,70.48655753258726,70.61886,70.90355255890897,70.43522728380245,70.80249271619755,28.75,70.43522728380245,70.80249271619755,70.08082473412885,71.15689526587114
B0006,108,1.404917318129309,24,3.418162323668036,2.4598632768748825,4.182667734360821,-1.7141443638380731,-2.01548065880372,33.7458832944166,41.2168813199875,2983.375,70.24586590646545,69.9557,70.68173649508516,69.77206728380244,70.13933271619754,28.97,69.77206728380244,70.13933271619754,69.41766473412885,70.49373526587114
B0006,109,1.395164296571563,24,3.420331935905118,2.497869764845928,4.179947555799937,-1.706782327346661,-2.014398878088724,34.01657212624259,41.40391881889191,2975.297,69.75821482857815,69.74602,70.46105727630396,69.56238728380245,69.92965271619755,29.47,69.56238728380245,69.92965271619755,69.20798473412886,70.28405526587115
B0006,110,1.3945343832614077,24,3.4192916311692465,2.472236707252471,4.182316086490744,-1.7063596521950202,-2.015379938834276,34.175023374593785,41.58657133119858,2974.9850000000006,69.72671916307038,69.73112,70.24150907604123,69.54748728380245,69.91475271619755,29.49,69.54748728380245,69.91475271619755,69.19308473412886,70.26915526587115
B0006,111,1.3893171179312644,24,3.414352330355796,2.427874990476308,4.18300582450457,-1.7052696591517462,-2.024938600791225,33.976109677640174,41.43504077863728,2966.25,69.46585589656323,69.52046,70.02308609763475,69.33682728380245,69.70409271619755,29.75,69.33682728380245,69.70409271619755,68.98242473412886,70.05849526587114
B0006,112,1.3838379472327809,24,3.412701167144591,2.427590520023505,4.182504606082063,-1.7046265574439607,-2.027018156432659,33.84150372451663,41.37436880579148,2956.359,69.19189736163904,69.09383,69.80578257413119,68.91019728380245,69.27746271619755,30.01,68.91019728380245,69.27746271619755,68.55579473412885,69.63186526587114
B0006,113,1.3736814238195123,24,3.410409522809144,2.37337869163978,4.179533028548021,-1.6985503106996724,-2.014779909755338,34.1008464215818,41.66477948989921,2956.344,68.68407119097562,68.65725,69.58959276813381,68.47361728380245,68.84088271619756,30.26,68.47361728380245,68.84088271619756,68.11921473412886,69.19528526587115
B0006,114,1.3786059891863676,24,3.414419320260644,2.4248604132549767,4.18250512422575,-1.6982347588599789,-2.0151111715849144,34.34663683304219,41.81816829502593,2956.406,68.93029945931838,68.82881,69.37451097165106,68.64517728380245,69.01244271619755,30.27,68.64517728380245,69.01244271619755,68.29077473412886,69.36684526587115
B0006,115,1.3737600299108574,24,3.4131710032395315,2.426962848243194,4.1828227593786,-1.6971165805711328,-2.0151664181090267,34.216231530637586,41.68664700078119,2947.266,68.68800149554288,68.6988,69.16053150594574,68.51516728380246,68.88243271619756,30.53,68.51516728380246,68.88243271619756,68.16076473412886,69.23683526587115
B0006,116,1.3682580583942712,24,3.4107019261975147,2.417287750352038,4.182413969607667,-1.6959199401004303,-2.016248522283907,34.041617020161176,41.565382893773936,2937.984,68.41290291971356,68.51931,68.94764872138524,68.33567728380245,68.70294271619755,30.8,68.33567728380245,68.70294271619755,67.98127473412886,69.05734526587115
B0006,117,1.3633024037317505,24,3.4089059214760367,2.4185087281747166,4.182451170946608,-1.6953163120957455,-2.015018401452086,33.890212870710734,41.46394809540406,2929.125,68.16512018658753,68.10941,68.73585699729217,67.92577728380245,68.29304271619755,31.03,67.92577728380245,68.29304271619755,67.57137473412885,68.64744526587114
B0006,118,1.35809661401726,24,3.4134080258317576,2.480937393224248,4.181305580928812,-1.6890383512433216,-2.014808414619914,34.116762412437,41.6123634180086,2928.454,67.904830700863,67.77135,68.52515074179615,67.58771728380245,67.95498271619755,31.3,67.58771728380245,67.95498271619755,67.23331473412885,68.30938526587114
B0006,119,1.353269090999531,24,3.411221044859532,2.4078214169511205,4.1804870315884735,-1.689240311218937,-2.014994164220888,34.490493589415046,42.0075404495327,2929.375,67.66345454997655,67.80685,68.31552439168607,67.62321728380245,67.99048271619755,31.27,67.62321728380245,67.99048271619755,67.26881473412885,68.34488526587114
B0006,120,1.3841605738237488,24,3.415521085221368,2.433234589649132,4.163570261072192,-1.7102007614808157,-2.014889154962298,34.23744800906639,41.61679232360952,2946.031,69.20802869118744,68.90529,68.10697241226316,68.72165728380244,69.08892271619754,30.02,68.72165728380244,69.08892271619754,68.36725473412885,69.44332526587114
B0006,121,1.4051467790651473,24,3.42298383625498,2.440822893388958,4.190012868765637,-1.730244918610445,-2.021897889619746,34.41428886050454,41.80245062827161,2955.438,70.25733895325736,70.298164,67.89948929719503,70.11453128380245,70.48179671619755,28.98,70.11453128380245,70.48179671619755,69.76012873412886,70.83619926587114
B0006,122,1.378719022627353,24,3.414757022019347,2.396078253891397,4.182418011462176,-1.715246592390148,-2.013990107965066,34.16445180476378,41.653004783464006,2937.625,68.93595113136764,68.78742,67.69306956837006,68.60378728380245,68.97105271619755,30.02,68.60378728380245,68.97105271619755,68.24938473412885,69.32545526587114
B0006,123,1.3682657783199066,24,3.41435871627236,2.449306948268824,4.182070839014939,-1.701340492819173,-2.0141794769710484,33.877146811272176,41.36061809844917,2929.078,68.41328891599532,68.245544,67.48770777575301,68.06191128380244,68.42917671619755,30.79,68.06191128380244,68.42917671619755,67.70750873412885,68.78357926587114
B0006,124,1.3573151296618016,24,3.409188669841805,2.384185417166802,4.182701902443236,-1.7004366132157598,-2.014245767720947,33.839566254190565,41.42815616511055,2918.375,67.86575648309008,68.020706,67.2833984972409,67.83707328380245,68.20433871619755,31.08,67.83707328380245,68.20433871619755,67.48267073412886,68.55874126587115
B0006,125,1.3524934638801596,24,3.411930366643558,2.4440756213040964,4.182270325485355,-1.6873533635265776,-2.013969299900083,33.818304796930946,41.343265645039,2919.812,67.62467319400798,67.34267,67.08013633851999,67.15903728380245,67.52630271619755,31.57,67.15903728380245,67.52630271619755,66.80463473412885,67.88070526587114
B0006,126,1.3474099151661236,24,3.4094417183837504,2.429601429477468,4.182394535290608,-1.6919294969110734,-2.014779898380345,33.812621135472135,41.38118673567723,2900.422,67.37049575830618,67.54072,66.87791593292329,67.35708728380244,67.72435271619754,31.84,67.35708728380244,67.72435271619754,67.00268473412885,68.07875526587114
B0006,127,1.3370075130842318,24,3.408189609747988,2.41022288115442,4.182061947471753,-1.6852952939579415,-2.014211676143238,33.79894614410012,41.378450473707446,2901.375,66.85037565421159,66.79887,66.67673194128893,66.61523728380244,66.98250271619754,32.09,66.61523728380244,66.98250271619754,66.26083473412885,67.33690526587114
B0006,128,1.3312352966718526,24,3.40737851449911,2.4098927032454966,4.182288987105723,-1.6787428835073943,-2.0146307921789908,33.702723745621576,41.306600641009794,2901.187,66.56176483359263,66.62625,66.47657905181912,66.44261728380245,66.80988271619755,32.36,66.44261728380245,66.80988271619755,66.08821473412885,67.16428526587114
B0006,129,1.3259303781727645,24,3.4085862639015,2.453938411405305,4.179662143533188,-1.6712137513430336,-2.013369705800471,33.63562651984647,41.20408103671912,2891.64,66.29651890863822,66.17757,66.27745197993995,65.99393728380245,66.36120271619755,32.88,65.99393728380245,66.36120271619755,65.63953473412886,66.71560526587115
B0006,130,1.321578743867529,24,3.404843616147767,2.3940396792395253,4.181392635232333,-1.6768931248947176,-2.0139825284473383,33.69072406179652,41.32955629442644,2882.906,66.07893719337645,66.11367,66.07934546816186,65.93003728380245,66.29730271619755,32.86,65.93003728380245,66.29730271619755,65.57563473412885,66.65170526587114
B0006,131,1.321225074066109,24,3.4081057374178703,2.45134737470238,4.182099866234647,-1.6701186583642826,-2.01389215215322,33.71317033815572,41.300370296451625,2883.265,66.06125370330544,66.080795,65.88225428594082,65.89716228380244,66.26442771619755,33.12,65.89716228380244,66.26442771619755,65.54275973412885,66.61883026587114
B0006,132,1.3156485301862682,24,3.409172854038073,2.475014603796582,4.182054276922838,-1.6634753413292604,-2.013710255019385,33.65376593260611,41.2436462295636,2882.969,65.78242650931341,65.8302,65.68617322954013,65.64656728380245,66.01383271619756,33.39,65.64656728380245,66.01383271619756,65.29216473412886,66.36823526587115
B0006,133,1.3209025697502388,24,3.411081762218424,2.4569179775419294,4.168816046299314,-1.6645875549232958,-2.0145340492151043,33.983578066068176,41.36464929786556,2891.656,66.04512848751195,66.008316,65.49109712189332,65.82468328380244,66.19194871619754,33.15,65.82468328380244,66.19194871619754,65.47028073412885,66.54635126587114
B0006,134,1.3474328767273906,24,3.416748624671716,2.438240626221148,4.190149239555381,-1.6918384605140158,-2.01382438347875,33.816348135475515,40.89285784811417,2901.25,67.37164383636953,67.516335,65.29702081246707,67.33270228380245,67.69996771619755,31.83,67.33270228380245,67.69996771619755,66.97829973412885,68.05437026587114
B0006,135,1.3260128072353616,24,3.4169689184247174,2.4946397780995584,4.187196878135145,-1.6711981411684529,-2.0133154561700204,33.60692030225909,40.652964511118334,2891.703,66.30064036176807,66.31653,65.10393917712554,66.13289728380245,66.50016271619755,32.88,66.13289728380245,66.50016271619755,65.77849473412886,66.85456526587114
B0006,136,1.3101186784831065,24,3.4105763913818787,2.4367455144223555,4.18232296515852,-1.6632769410531223,-2.0139168871011672,33.47350597721994,40.58410707337388,2883.016,65.50593392415531,65.608154,64.91184711799491,65.42452128380245,65.79178671619755,33.4,65.42452128380245,65.79178671619755,65.07011873412885,66.14618926587114
B0006,137,1.30521620229393,24,3.4113335283009314,2.485868996808533,4.1822817387062585,-1.6559085740676296,-2.0142276812428177,33.209178727620106,40.322783635307104,2873.453,65.2608101146965,65.3301,64.72073956332885,65.14646728380245,65.51373271619755,33.91,65.14646728380245,65.51373271619755,64.79206473412886,65.86813526587115
B0006,138,1.3004061951355774,24,3.4081283345557187,2.395755020190792,4.181394192711236,-1.656100922060331,-2.014080368444908,33.58088963686094,40.78032921971219,2874.031,65.02030975677887,65.02393,64.53061146737457,64.84029728380244,65.20756271619754,33.89,64.84029728380244,65.20756271619754,64.48589473412885,65.56196526587114
B0006,139,1.300235735841116,24,3.412573242269913,2.4504684570147006,4.182109437180301,-1.6493259508429792,-2.014831579693271,33.76400861956033,40.85731522464202,2874.234,65.0117867920558,64.95497,64.34145781023966,64.77133728380245,65.13860271619755,34.16,64.77133728380245,65.13860271619755,64.41693473412886,65.49300526587115
B0006,140,1.2895066722480757,24,3.407693686560286,2.3942028718004007,4.181210531150237,-1.6481131076816375,-2.014857985605384,33.57003564415372,40.74860220857894,2864.984,64.47533361240377,64.60437,64.15327359775947,64.42073728380245,64.78800271619755,34.42,64.42073728380245,64.78800271619755,64.06633473412886,65.14240526587115
B0006,141,1.279253057384795,24,3.407349960804196,2.4303844034459368,4.180183763169455,-1.6402541382604887,-2.013906118562721,33.272050895552354,40.47227623020844,2855.093,63.96265286923975,64.088745,63.96605386136529,63.905112283802445,64.27237771619755,34.96,63.905112283802445,64.27237771619755,63.55070973412886,64.62678026587115
B0006,142,1.2792078171714618,24,3.409292163767801,2.4755630989048205,4.181641969595387,-1.6339151095418003,-2.01480412850878,33.12740933210319,40.28187574900838,2855.625,63.96039085857309,63.8797,63.77979365795322,63.69606728380244,64.06333271619755,35.2,63.69606728380244,64.06333271619755,63.341664734128855,64.41773526587114
B0006,143,1.274036760902923,24,3.409549235480477,2.446712151873903,4.1818501497507565,-1.6340244573659812,-2.014522533445452,33.439116773449626,40.637565231244686,2855.594,63.70183804514616,63.821133,63.59448806975357,63.637500283802446,64.00476571619755,35.19,63.637500283802446,64.00476571619755,63.28309773412886,64.35916826587115
B0006,144,1.2741273923001468,24,3.410318915287339,2.4607112018206894,4.1817089329030335,-1.632488007933941,-2.0149438038428857,33.482874768414376,40.64243349478575,2847.437,63.70636961500734,63.57624,63.41013220420104,63.39260728380244,63.75987271619756,35.44,63.39260728380244,63.759872716197556,63.038204734128854,64.11427526587114
B0006,145,1.263763942644078,24,3.409269478846637,2.46197885229738,4.178725976011113,-1.6192610042624402,-2.0150039133931816,33.22136307064441,40.38713367022122,2847.36,63.188197132203896,63.06508,63.226721193805616,62.88144728380245,63.24871271619756,35.96,62.881447283802444,63.24871271619756,62.52704473412886,63.603115265871146
B0006,146,1.2581373688955233,24,3.409437443506909,2.4999079970509284,4.181148894438262,-1.6178242977824624,-2.015129426588159,32.98562738901426,40.15316398972329,2837.328,62.906868444776165,62.81813,63.044250196023945,62.63449728380244,63.001762716197554,36.25,62.63449728380244,63.001762716197554,62.28009473412885,63.35616526587114
B0006,147,1.253259864055301,24,3.403885091976961,2.4061574188511727,4.181246648937272,-1.6181015728870058,-2.015749061229573,32.97018278153956,40.26211669866818,2837.281,62.66299320276505,62.83213,62.86271439313153,62.64849728380244,63.01576271619756,36.24,62.64849728380244,63.01576271619756,62.294094734128855,63.370165265871144
B0006,148,1.2532313315493426,24,3.4065929107527846,2.40921365026611,4.182124874468928,-1.6180985297864203,-2.014223314502266,33.31018716138479,40.65437976632703,2838.515,62.661566577467134,62.66384,62.68210899209561,62.48020728380244,62.84747271619756,36.21,62.48020728380244,62.84747271619756,62.125804734128856,63.201875265871145
B0006,149,1.2480874960313575,24,3.4095930016592684,2.4705399687343235,4.179545017207998,-1.6103535053387172,-2.016335249580649,33.23406652671602,40.41021687551566,2828.328,62.40437480156788,62.490067,62.50242922444842,62.306434283802446,62.67369971619756,36.74,62.306434283802446,62.67369971619756,61.95203173412886,63.02810226587115
B0006,150,1.2534354284944844,24,3.409409922814414,2.4996841687041944,4.164241788212258,-1.611644410040853,-2.01499403966668,33.117656712920734,40.49521984011741,2838.265,62.67177142472422,62.674576,62.32367034616146,62.49094328380245,62.85820871619756,36.47,62.490943283802444,62.85820871619756,62.13654073412886,63.212611265871146
B0006,151,1.28980487732669,24,3.4195489282896943,2.4839695531514434,4.189238693156103,-1.6420364978388975,-2.0181368086516467,33.78417036686004,41.357879741754175,2864.547,64.49024386633451,64.47604,62.14582763752021,64.29240728380245,64.65967271619755,34.67,64.29240728380245,64.65967271619755,63.93800473412885,65.01407526587114
B0006,152,1.2635402021758837,24,3.4151799904188,2.4675402264113453,4.180842923747738,-1.6194806393973795,-2.014277449216773,33.806439563441614,41.37902988743146,2846.39,63.17701010879417,63.294155,61.96889640299944,63.110522283802446,63.47778771619756,35.98,63.110522283802446,63.47778771619756,62.75611973412886,63.83219026587115
B0006,153,1.2479761706842851,24,3.4154594925159083,2.4946438160388325,4.18123823034649,-1.6048643562670923,-2.0138128429431967,33.63735785291911,41.20920760771975,2837.969,62.39880853421427,62.2451,61.792871971139306,62.06146728380244,62.42873271619756,36.74,62.06146728380244,62.42873271619756,61.707064734128856,62.783135265871145
B0006,154,1.2321202877943334,24,3.4130336456755868,2.4577382116375843,4.1798277092808815,-1.5916400783224371,-2.014917756386988,33.58195933847606,41.20630554355683,2838.156,61.60601438971667,61.935814,61.617749694422,61.75218128380244,62.11944671619756,37.26,61.75218128380244,62.11944671619756,61.397778734128856,62.473849265871145
B0006,155,1.2271137666213534,24,3.4094524356574096,2.40986495422137,4.180792839927961,-1.5901105081883435,-2.014930078850297,33.56245583951572,41.28239317323536,2829.843,61.35568833106767,61.257843,61.44352494914899,61.07421028380245,61.44147571619756,37.5,61.074210283802444,61.44147571619756,60.71980773412886,61.795878265871146
B0006,156,1.2217397581377356,24,3.4138496008165014,2.479418189447868,4.181365190126037,-1.5767754479909837,-2.0147963353542564,33.5111267532655,41.1595683576961,2829.625,61.08698790688678,61.160633,61.27019313531904,60.97700028380244,61.34426571619756,38.03,60.97700028380244,61.344265716197555,60.62259773412885,61.69866826587114
B0006,157,1.211102678915174,24,3.410900672125043,2.434585389303289,4.180594670510683,-1.575262673173442,-2.015518745222527,33.53675907012135,41.230427315370186,2819.437,60.5551339457587,60.415554,61.09774967650667,60.23192128380244,60.59918671619756,38.31,60.23192128380244,60.59918671619756,59.877518734128856,60.953589265871145
B0006,158,1.2056159765131735,24,3.4105744140130074,2.425682710641569,4.181424135030176,-1.5684640005188113,-2.0147884579094577,33.49803069556778,41.21487873613708,2819.579,60.28079882565868,60.40462,60.9261900197414,60.22098728380245,60.58825271619756,38.58,60.220987283802444,60.58825271619756,59.86658473412886,60.942655265871146
B0006,159,1.2008936262717274,24,3.4096514247359915,2.417924401749313,4.181921994951423,-1.5671286757845893,-2.0146138657111945,33.516977262709986,41.27439823262361,2810.672,60.044681313586366,59.99491,60.75550963538742,59.81127728380244,60.17854271619756,38.82,59.81127728380244,60.178542716197555,59.45687473412885,60.53294526587114
B0006,160,1.1905903985558337,24,3.4128578373442537,2.4541577949851603,4.179593598747663,-1.5537993411647462,-2.0148417510809367,33.531923269271225,41.237668013317766,2811.485,59.52951992779168,59.550526,60.58570401702412,59.36689328380244,59.73415871619756,39.33,59.36689328380244,59.734158716197555,59.01249073412885,60.08856126587114
B0006,161,1.185179251041941,24,3.413450901705652,2.463616101176541,4.180557596235595,-1.5521827524962777,-2.013981544237104,33.567636169584304,41.24068073261839,2802.422,59.25896255209705,59.177456,60.41676868132711,58.99382328380244,59.36108871619756,39.59,58.99382328380244,59.36108871619756,58.639420734128855,59.715491265871144
B0006,162,1.1796706818144624,24,3.414388187503409,2.470375229475307,4.181414159913002,-1.5452652929126829,-2.014023708028726,33.60493096509702,41.28133907077437,2801.625,58.983534090723126,59.06712,60.248699167949695,58.883487283802445,59.25075271619756,39.87,58.883487283802445,59.25075271619756,58.52908473412886,59.60515526587115
B0006,163,1.1745952836753917,24,3.412419038813061,2.4357634426689945,4.180815073540562,-1.538651770825325,-2.016504705213686,33.54281440778599,41.28338645880181,2802.031,58.729764183769575,58.731117,60.0814910394053,58.54748428380244,58.91474971619756,40.12,58.54748428380244,58.914749716197555,58.19308173412885,59.26915226587114
B0006,164,1.15381833159625,24,3.414810305745517,2.481190011798763,4.1697037841892834,-1.5169723774339865,-2.0192733708647617,33.472459360982775,41.14919304328959,2793.39,57.6909165798125,57.93915,59.915139880950186,57.75551728380244,58.12278271619756,41.15,57.75551728380244,58.122782716197555,57.40111473412885,58.47718526587114
B0006,165,1.1644009557372264,24,3.4166177332601,2.491537251958465,4.180283727512206,-1.5238501013926742,-2.014625681416588,33.58210389885497,41.26268252018065,2793.39,58.22004778686132,58.275154,59.74964130046694,58.09152128380244,58.45878671619756,40.88,58.09152128380244,58.45878671619756,57.737118734128856,58.813189265871145
B0006,166,1.1587974947916069,24,3.4121341541171764,2.40904100737121,4.181170015245673,-1.523792814686802,-2.016243208356173,33.6634605108384,41.45791806300034,2792.485,57.93987473958035,58.04343,59.58499092834848,57.85979728380244,58.22706271619756,40.9,57.85979728380244,58.22706271619756,57.505394734128856,58.581465265871145
B0006,167,1.1749748834769171,24,3.419700177568569,2.475767645530351,4.1575524997258,-1.539131085939872,-2.013736316594881,33.730546074122294,41.11666214070682,2802.016,58.74874417384586,58.765026,59.42118441738273,58.58139328380244,58.94865871619756,40.1,58.58139328380244,58.948658716197556,58.226990734128854,59.30306126587114
B0006,168,1.1856752327929356,24,3.4234687742187893,2.4160441724133666,4.188511527828155,-1.5426703969635054,-2.014876364498059,33.8912822372509,41.36263766174168,2820.39,59.283761639646784,59.257233,59.258217442637786,59.07360028380244,59.44086571619756,39.57,59.07360028380244,59.44086571619756,58.719197734128855,59.795268265871144
